Primer	Chromosome	Start	End	Strand	PrimerSequence_5prime_to_3prime	Reference
circ29_F	NC_009333.1	29751	29770	+	ACCAGACGGCAAGGTTTTTA	https://doi.org/10.1073/pnas.1816183115
circ29_R	NC_009333.1	29641	29663	-	TCGTTAGTCAACCTAGCAAAACA	https://doi.org/10.1073/pnas.1816183115
circ57_F	NC_009333.1	57271	57290	+	CAACCAAAAGGCAGAGTCGT	https://doi.org/10.1073/pnas.1816183115
circ57_R	NC_009333.1	57057	57076	-	GGCTGAACCCAAGAACTTCA	https://doi.org/10.1073/pnas.1816183115
circvIRF4_F	NC_009333.1	88288	88307	-	CTCCGTGTGGATACCAGTGA	10.1128/JVI.01952-18
circvIRF4_R	NC_009333.1	88746	88764	+	TGGTTCCACGCAACAGTCT	10.1128/JVI.01952-18
circ97_F	NC_009333.1	98176	98195	-	GGAAGAAGCTCATGGACTGG	https://doi.org/10.1073/pnas.1816183115
circ97_R	NC_009333.1	97964	97983	+	GACCTAAAAACCCGGAGGAG	https://doi.org/10.1073/pnas.1816183115
circT0.7_F3	NC_009333.1	118221	118240	+	AGTGAGGAGGGAGGAGGGCA	
circT0.7_R2	NC_009333.1	117701	117722	-	CGCTCTCCCAAACCACACGAAT	
circORF72_F3	NC_009333.1	123582	123601	+	AAGATTAAGGGCCAACGCGA	
circORF72_R1	NC_009333.1	123138	123157	-	TAGTTCCTCAGCTGGCAAGC	
circ1400_F	chr4	37631449	37631468	-	ATGTCTGTTAGTGGGGCTGA	https://doi.org/10.1073/pnas.1816183115
circ1400_R	chr4	37638469	37638488	+	TATCTGCTACCATCGCCTTT	https://doi.org/10.1073/pnas.1816183115
circ1741_F	chr7	129015044	129015063	-	TCGTTCCTTACGAATTGGAG	https://doi.org/10.1073/pnas.1816183115
circ1741_R	chr7	129018113	129018132	+	CTGCCGGATCTGTAACAACT	https://doi.org/10.1073/pnas.1816183115
